{
"T": 		30,
"NTrot": 	500,
"q_max": 	10,
"lr": 		1e-2,
"Scheduler":	false,
"loss_funcs":	["C1_state","C7"],

"_SystemComments":"The following are the specifications for the 1DFlensmon, with respectively: 0.001*pi, 2*pi*10GHz and EJ/400",

"phi_ext": 	0.0031415926535897933,
"EJ": 		62.83185307179586,
"EC": 		0.15707963267948966,

"decline_end":	4.8758,
"ascend_start":	25.0227,
"level":	0.8904,
"envelope_amp":	0.1262,
"detuning":	0.9872,
"phase":	0.3473
}